,id,name,url
0,2022863874,Still Here (with the ones that I came with),https://music.163.com/song?id=2022863874
1,1954067130,SATELLITE,https://music.163.com/song?id=1954067130
2,1914636529,Beg for You (feat. Rina Sawayama),https://music.163.com/song?id=1914636529
3,1430160416,Baby,https://music.163.com/song?id=1430160416
4,29524281,Closer,https://music.163.com/song?id=29524281
5,1387282440,Do You Miss Me Much (Sunship Remix),https://music.163.com/song?id=1387282440
6,1805324776,Watch Your Step (Disclosure VIP),https://music.163.com/song?id=1805324776
7,1474559124,Who Knew?,https://music.163.com/song?id=1474559124
8,1805323916,Birthday (MJ Cole Remix),https://music.163.com/song?id=1805323916
9,1452156404,Call My Phone Thinking I'm Doing Nothing Better (Star.One & Capo Lee Remix),https://music.163.com/song?id=1452156404
10,1311091060,Overthinker,https://music.163.com/song?id=1311091060
11,477933827,S.T.A.Y. (Delta Heavy Tribute),https://music.163.com/song?id=477933827
12,444324644,No Roots,https://music.163.com/song?id=444324644
13,420480687,In My Blood,https://music.163.com/song?id=420480687
14,1781925,Ode To A Nightingale,https://music.163.com/song?id=1781925
15,986476,Scotty,https://music.163.com/song?id=986476
16,16964042,The Blue Notebooks,https://music.163.com/song?id=16964042
17,410801177,Sonnet 20,https://music.163.com/song?id=410801177
18,410802161,Sonnet 10,https://music.163.com/song?id=410802161
19,410802163,Sonnet 29,https://music.163.com/song?id=410802163
20,1466215060,LA Who Am I To Love You,https://music.163.com/song?id=1466215060
21,567458336,"Inventions: No 8 in F major, BWV 779",https://music.163.com/song?id=567458336
22,571320407,"Minuet and Trio in G Major, K. 1e/f",https://music.163.com/song?id=571320407
23,1407637248,Christmas Morning,https://music.163.com/song?id=1407637248
24,507783525,The Night Café,https://music.163.com/song?id=507783525
25,571320342,"Sonata in B-Flat Major, K. 333: I. Allegro",https://music.163.com/song?id=571320342
26,33544463,Georgiana,https://music.163.com/song?id=33544463
27,1409010422,Dr March's Daughters,https://music.163.com/song?id=1409010422
28,1409012131,Jo Writes,https://music.163.com/song?id=1409012131
29,1407635345,It's Romance,https://music.163.com/song?id=1407635345
30,1926723,Micmacs à la gare,https://music.163.com/song?id=1926723
31,5185633,Tu Vuo' Fa' L'americano,https://music.163.com/song?id=5185633
32,4078600,La Java Va Bien,https://music.163.com/song?id=4078600
33,1375805,"Sonata No. 11 in A Major for Piano, K. 331:III. Alla Turca:Allegretto",https://music.163.com/song?id=1375805
34,27049716,Daddy's Gone (Instrumental),https://music.163.com/song?id=27049716
35,2584414,Domino,https://music.163.com/song?id=2584414
36,18315060,Quiereme,https://music.163.com/song?id=18315060
37,1926683,Larrons en foire,https://music.163.com/song?id=1926683
38,22627397,The Godfather Waltz/Speak Softly (Medley),https://music.163.com/song?id=22627397
39,1070924,Midnight Waltz,https://music.163.com/song?id=1070924
40,2031147129,Old Days,https://music.163.com/song?id=2031147129
41,2006973658,All Night,https://music.163.com/song?id=2006973658
42,2034388484,Jam Inside Your Love (feat. Carla Monroe),https://music.163.com/song?id=2034388484
43,2061697288,Now U Do (Edit),https://music.163.com/song?id=2061697288
44,2064711683,Girls Like Me (Got You Spinning),https://music.163.com/song?id=2064711683
45,1969227643,Buzzkill,https://music.163.com/song?id=1969227643
46,2023208336,updown,https://music.163.com/song?id=2023208336
47,2062654468,You Got My Heart,https://music.163.com/song?id=2062654468
48,2056098519,Reason,https://music.163.com/song?id=2056098519
49,1805346572,Exhale,https://music.163.com/song?id=1805346572
50,1967169450,Turn On The Lights again.. (feat. Future),https://music.163.com/song?id=1967169450
51,2041872731,Follow Me,https://music.163.com/song?id=2041872731
52,2049974059,All Of My Love (feat. Kate Wild),https://music.163.com/song?id=2049974059
53,2013894753,Love You Better,https://music.163.com/song?id=2013894753
54,1950693599,Fantasy,https://music.163.com/song?id=1950693599
55,1850036725,Poison,https://music.163.com/song?id=1850036725
56,1924917025,Waterfall,https://music.163.com/song?id=1924917025
57,1486969708,With Me (feat. Sâlo),https://music.163.com/song?id=1486969708
58,1866035027,Throwback (Edit),https://music.163.com/song?id=1866035027
59,1879882444,Smoke (Tuff Culture Remix),https://music.163.com/song?id=1879882444
60,1430240225,Way To You,https://music.163.com/song?id=1430240225
61,1937569084,Let Somebody Go (Ofenbach Remix),https://music.163.com/song?id=1937569084
62,516358164,Mystery of Love,https://music.163.com/song?id=516358164
63,36990266,Faded,https://music.163.com/song?id=36990266
64,28493451,We Are The World,https://music.163.com/song?id=28493451
65,22425130,Christmas Lights,https://music.163.com/song?id=22425130
66,25508171,The Sounds Of Silence,https://music.163.com/song?id=25508171
67,1409958051,Trying My Best,https://music.163.com/song?id=1409958051
68,3716423,Conversation,https://music.163.com/song?id=3716423
69,1830631394,Butterflies,https://music.163.com/song?id=1830631394
70,1899541939,Skanka,https://music.163.com/song?id=1899541939
71,1404749315,Groove Diving,https://music.163.com/song?id=1404749315
72,1425725814,Blood Money,https://music.163.com/song?id=1425725814
73,1425725815,Praise,https://music.163.com/song?id=1425725815
74,1425726701,Psychotherapy,https://music.163.com/song?id=1425726701
75,1425726702,Pull Up,https://music.163.com/song?id=1425726702
76,1395678593,2 hrs Sleep,https://music.163.com/song?id=1395678593
77,1395680217,License,https://music.163.com/song?id=1395680217
78,1395680218,Suspect,https://music.163.com/song?id=1395680218
79,1354616437,Dub of Existence,https://music.163.com/song?id=1354616437
80,18102631,Moment of Peace,https://music.163.com/song?id=18102631
81,18102658,Scarborough Fair,https://music.163.com/song?id=18102658
82,4083902,Forever Young,https://music.163.com/song?id=4083902
83,4084392,A Spaceman Came Travelling,https://music.163.com/song?id=4084392
84,4083867,Voyage Voyage,https://music.163.com/song?id=4083867
85,4084424,Auld Lang Syne,https://music.163.com/song?id=4084424
86,18102666,The Sound of Silence,https://music.163.com/song?id=18102666
87,18102610,My Heart Is Burning,https://music.163.com/song?id=18102610
88,18102615,Lucifer,https://music.163.com/song?id=18102615
89,18102572,Join Me,https://music.163.com/song?id=18102572
90,4172587,Pray For Rain (Tim Goldsworthy Remix),https://music.163.com/song?id=4172587
91,4172584,Paradise Circus (Breakage's Tight Rope Remix),https://music.163.com/song?id=4172584
92,4172594,Girl I Love You (She Is Danger Remix),https://music.163.com/song?id=4172594
93,4172596,Paradise Circus (Breakage’s Tight Rope Remix),https://music.163.com/song?id=4172596
94,27138803,Any love (remix 1),https://music.163.com/song?id=27138803
95,4172590,Fatalism (Ryuichi Sakamoto & Yukihiro Takahashi Remix),https://music.163.com/song?id=4172590
96,22575474,Teardrop,https://music.163.com/song?id=22575474
97,4172599,Paradise Circus (Gui Boratto Dub),https://music.163.com/song?id=4172599
98,22270179,Paradise Circus,https://music.163.com/song?id=22270179
99,5053605,Angel,https://music.163.com/song?id=5053605
100,22559042,Morning Bell,https://music.163.com/song?id=22559042
101,18795427,(Nice Dream),https://music.163.com/song?id=18795427
102,22559034,Everything In Its Right Place,https://music.163.com/song?id=22559034
103,22497928,Fake Plastic Trees,https://music.163.com/song?id=22497928
104,21256124,Can't Take My Eyes off You,https://music.163.com/song?id=21256124
105,19045995,Sunshine,https://music.163.com/song?id=19045995
106,1872254,Hold On,https://music.163.com/song?id=1872254
107,1872249,Who Needs Love,https://music.163.com/song?id=1872249
108,16880953,London Loves (2012 Remaster),https://music.163.com/song?id=16880953
109,3951481,End of a Century,https://music.163.com/song?id=3951481
110,1382830456,Back to Basics (Floating Points Remix),https://music.163.com/song?id=1382830456
111,1967169450,Turn On The Lights again.. (feat. Future),https://music.163.com/song?id=1967169450
112,2022863874,Still Here (with the ones that I came with),https://music.163.com/song?id=2022863874
113,1416870614,Dizzy New Heights (Shanti Celeste Remix),https://music.163.com/song?id=1416870614
114,1419449199,90 Miles (Model Man Remix),https://music.163.com/song?id=1419449199
115,1422869845,Strings For Jodie (MJ Cole Remix),https://music.163.com/song?id=1422869845
116,1407993284,Jubilee,https://music.163.com/song?id=1407993284
117,1407245706,Eternal,https://music.163.com/song?id=1407245706
118,1407245707,Know About Me,https://music.163.com/song?id=1407245707
119,1407245708,Another Story,https://music.163.com/song?id=1407245708
120,29150369,Gyménopédie N°1,https://music.163.com/song?id=29150369
121,1495579,Somewhere in Time,https://music.163.com/song?id=1495579
122,1398352909,Ylang Ylang,https://music.163.com/song?id=1398352909
123,1954349372,Are You Lost,https://music.163.com/song?id=1954349372
124,22627409,Serenade (Romance In Venice Album Version),https://music.163.com/song?id=22627409
125,487527502,リフレクションズ,https://music.163.com/song?id=487527502
126,28289088,Mr. Moustafa,https://music.163.com/song?id=28289088
127,1804101,Gran vals,https://music.163.com/song?id=1804101
128,1381110289,Gone With the Wind,https://music.163.com/song?id=1381110289
129,180045,六月-船歌,https://music.163.com/song?id=180045
130,18349173,The First Waltz,https://music.163.com/song?id=18349173
131,18349170,Lord Melbourne,https://music.163.com/song?id=18349170
132,18349169,Buckingham Palace,https://music.163.com/song?id=18349169
133,18349166,The King's Birthday,https://music.163.com/song?id=18349166
134,1041839,Laverton Fair,https://music.163.com/song?id=1041839
135,1041833,Lady Gresham,https://music.163.com/song?id=1041833
136,1041825,Bond Street Airs,https://music.163.com/song?id=1041825
137,1041827,Basingstoke Assembly,https://music.163.com/song?id=1041827
138,1041853,The Messenger,https://music.163.com/song?id=1041853
139,1041842,To The Bell,https://music.163.com/song?id=1041842
140,21308292,World in Motion,https://music.163.com/song?id=21308292
141,1863276540,Coloratura,https://music.163.com/song?id=1863276540
142,19053233,Heavenly Junkies,https://music.163.com/song?id=19053233
143,19053228,The King Is Dead,https://music.163.com/song?id=19053228
144,28770581,Perfect Detonator,https://music.163.com/song?id=28770581
145,28770582,Traced In Constellations,https://music.163.com/song?id=28770582
146,28770583,Singularity,https://music.163.com/song?id=28770583
147,28770584,Emergent,https://music.163.com/song?id=28770584
148,28770585,Great Northern,https://music.163.com/song?id=28770585
149,28770586,The Stars Are Stigmata,https://music.163.com/song?id=28770586
150,24309248,"The Land Of Counterpane By Robert Louis Stevenson. Georges Bizet- Jeux D’enfants Op22, Impromptu- La Toupie",https://music.163.com/song?id=24309248
151,24309246,A Dream By Christina Rossetti,https://music.163.com/song?id=24309246
152,24309254,Solitude By Ella Wheeler Wilcox,https://music.163.com/song?id=24309254
153,24309232,On Marriage By Khalil Gibran,https://music.163.com/song?id=24309232
154,27869685,Waves,https://music.163.com/song?id=27869685
155,27869684,Dreamscape,https://music.163.com/song?id=27869684
156,27869688,She Ran,https://music.163.com/song?id=27869688
157,29744089,Do Not Go Gentle Into That Good Night,https://music.163.com/song?id=29744089
158,27869683,The Love Song Of J. Alfred Prufrock (Soundtrack),https://music.163.com/song?id=27869683
159,1716709,Now Sleeps The Crimson Petal,https://music.163.com/song?id=1716709
160,26895425,Work,https://music.163.com/song?id=26895425
161,1803563801,Show Out,https://music.163.com/song?id=1803563801
162,34766954,Dead Body,https://music.163.com/song?id=34766954
163,1345850348,Throwback,https://music.163.com/song?id=1345850348
164,1369383788,No Sleep,https://music.163.com/song?id=1369383788
165,1935820241,Man Know,https://music.163.com/song?id=1935820241
166,1934368963,Matrix Nokia,https://music.163.com/song?id=1934368963
167,1817603129,100 Racks,https://music.163.com/song?id=1817603129
168,1869068521,Trenches,https://music.163.com/song?id=1869068521
169,1931832397,Practice Hours,https://music.163.com/song?id=1931832397
170,16494488,Black Swan Song,https://music.163.com/song?id=16494488
171,1702465,Everyday Is Like Sunday,https://music.163.com/song?id=1702465
172,19553535,Every Breath You Take,https://music.163.com/song?id=19553535
173,27192753,Something Changed,https://music.163.com/song?id=27192753
174,22622207,Four to the Floor,https://music.163.com/song?id=22622207
175,5049171,Look What You've Done,https://music.163.com/song?id=5049171
176,18399933,Food Wheels,https://music.163.com/song?id=18399933
177,17828701,A Road Song,https://music.163.com/song?id=17828701
178,27810025,Friday I'm In Love,https://music.163.com/song?id=27810025
179,19047042,Somewhere Only We Know,https://music.163.com/song?id=19047042
180,4264434,Creep,https://music.163.com/song?id=4264434
181,4336098,Let It Be (Remastered),https://music.163.com/song?id=4336098
182,4279075,Everything Will Flow,https://music.163.com/song?id=4279075
183,4226257,Wonderwall,https://music.163.com/song?id=4226257
184,4331344,Hey Jude,https://music.163.com/song?id=4331344
185,17228947,Waste Of Space,https://music.163.com/song?id=17228947
186,17228915,Bedroom Scene,https://music.163.com/song?id=17228915
187,3585702,Dear Eloise,https://music.163.com/song?id=3585702
188,3585710,"He Ain't Heavy, He's My Brother",https://music.163.com/song?id=3585710
189,4335590,As Tears Go By,https://music.163.com/song?id=4335590
190,28563139,Live Forever (Remastered Live Paris Instore),https://music.163.com/song?id=28563139
191,2071628859,Rock ‘n’ Roll Star (Live From Knebworth 22),https://music.163.com/song?id=2071628859
192,2071628866,Supersonic (Live From Knebworth 22),https://music.163.com/song?id=2071628866
193,2071628189,Some Might Say (Live From Knebworth 22),https://music.163.com/song?id=2071628189
194,2071628865,Cigarettes & Alcohol (Live From Knebworth 22),https://music.163.com/song?id=2071628865
195,2071628188,Once (Live From Knebworth 22),https://music.163.com/song?id=2071628188
196,2071628185,Shockwave (Live From Knebworth 22),https://music.163.com/song?id=2071628185
197,2071628860,Wall Of Glass (Live From Knebworth 22),https://music.163.com/song?id=2071628860
198,2071628190,Champagne Supernova (Live From Knebworth 22),https://music.163.com/song?id=2071628190
199,2071628867,Wonderwall (Live From Knebworth 22),https://music.163.com/song?id=2071628867
